Date,Close,Volume
2019-11-26,187.60000610351562,74549578
2019-11-27,193.1999969482422,53617241
2019-11-28,204.0,41816834
2019-11-29,198.39999389648438,36509531
2019-12-02,195.5,26592325
2019-12-03,192.60000610351562,19911922
2019-12-04,189.0,19276308
2019-12-05,192.39999389648438,17932572
2019-12-06,197.5,19205791
2019-12-09,196.60000610351562,8558132
2019-12-10,195.39999389648438,6639899
2019-12-11,197.60000610351562,6534411
2019-12-12,200.1999969482422,8825275
2019-12-13,202.0,18576570
2019-12-16,201.0,6616578
2019-12-17,203.8000030517578,11225195
2019-12-18,202.60000610351562,8179646
2019-12-19,204.8000030517578,7525360
2019-12-20,207.0,16804751
2019-12-23,208.39999389648438,9892858
2019-12-24,210.39999389648438,7770434
2019-12-27,212.8000030517578,10774808
2019-12-30,210.60000610351562,9970904
2019-12-31,207.1999969482422,8813067
2020-01-02,210.0,9516678
2020-01-03,212.0,11307103
2020-01-06,211.0,11303411
2020-01-07,212.60000610351562,11676599
2020-01-08,210.8000030517578,15095573
2020-01-09,215.60000610351562,12261435
2020-01-10,218.0,11860220
2020-01-13,222.8000030517578,17692255
2020-01-14,223.60000610351562,16784465
2020-01-15,220.8000030517578,21735164
2020-01-16,219.39999389648438,12993720
2020-01-17,220.39999389648438,21245436
2020-01-20,220.1999969482422,11229916
2020-01-21,215.8000030517578,20241728
2020-01-22,218.39999389648438,14632484
2020-01-23,213.39999389648438,16013394
2020-01-24,214.60000610351562,7583855
2020-01-29,207.39999389648438,24946947
2020-01-30,201.8000030517578,26416987
2020-01-31,200.39999389648438,18257747
2020-02-03,205.0,23784275
2020-02-04,213.1999969482422,25035681
2020-02-05,215.60000610351562,23975014
2020-02-06,217.39999389648438,18777127
2020-02-07,215.39999389648438,14223318
2020-02-10,212.60000610351562,23432236
2020-02-11,212.1999969482422,29376694
2020-02-12,215.0,24402441
2020-02-13,217.1999969482422,20547490
2020-02-14,215.0,15926098
2020-02-17,217.39999389648438,15531105
2020-02-18,214.0,13177196
2020-02-19,214.0,10179246
2020-02-20,215.60000610351562,12728604
2020-02-21,212.60000610351562,15106823
2020-02-24,205.1999969482422,30852998
2020-02-25,206.60000610351562,23465654
2020-02-26,203.0,29014994
2020-02-27,205.1999969482422,23397941
2020-02-28,200.0,38816951
2020-03-02,204.60000610351562,17004513
2020-03-03,203.1999969482422,19156355
2020-03-04,202.1999969482422,14553445
2020-03-05,207.1999969482422,19343293
2020-03-06,203.8000030517578,12734463
2020-03-09,193.5,56936906
2020-03-10,199.3000030517578,28569375
2020-03-11,197.0,17860192
2020-03-12,188.8000030517578,41842108
2020-03-13,191.6999969482422,53292364
2020-03-16,179.3000030517578,47207430
2020-03-17,183.1999969482422,36872240
2020-03-18,173.0,58603973
2020-03-19,174.0,34599488
2020-03-20,183.0,27899247
2020-03-23,170.0,37535058
2020-03-24,174.5,26729551
2020-03-25,179.6999969482422,28012053
2020-03-26,180.89999389648438,17816738
2020-03-27,183.89999389648438,23922455
2020-03-30,180.3000030517578,18129547
2020-03-31,183.39999389648438,13598127
2020-04-01,184.0,22814764
2020-04-02,186.0,12304930
2020-04-03,183.6999969482422,9290512
2020-04-06,188.60000610351562,18253609
2020-04-07,191.5,16381930
2020-04-08,190.10000610351562,9180063
2020-04-09,191.6999969482422,13161858
2020-04-14,197.0,18233007
2020-04-15,197.89999389648438,20722474
2020-04-16,202.8000030517578,19818106
2020-04-17,207.60000610351562,33397811
2020-04-20,205.8000030517578,22875450
2020-04-21,204.1999969482422,17778769
2020-04-22,205.60000610351562,12962733
2020-04-23,204.39999389648438,16359183
2020-04-24,198.0,23966198
2020-04-27,200.60000610351562,13936896
2020-04-28,199.0,19944823
2020-04-29,197.0,14850119
2020-05-04,189.6999969482422,26903568
2020-05-05,188.5,27110375
2020-05-06,193.60000610351562,23022901
2020-05-07,190.5,20506910
2020-05-08,193.39999389648438,17851592
2020-05-11,198.6999969482422,19839300
2020-05-12,199.6999969482422,14037259
2020-05-13,196.3000030517578,26074457
2020-05-14,194.5,19248894
2020-05-15,196.89999389648438,16672799
2020-05-18,203.0,26818890
2020-05-19,209.8000030517578,45308325
2020-05-20,211.0,22533385
2020-05-21,206.1999969482422,23271613
2020-05-22,198.1999969482422,40226609
2020-05-25,198.1999969482422,40103124
2020-05-26,201.0,26834881
2020-05-27,197.3000030517578,33136407
2020-05-28,193.5,30919109
2020-05-29,194.3000030517578,19459191
2020-06-01,202.8000030517578,26826195
2020-06-02,200.0,22818103
2020-06-03,209.60000610351562,38794267
2020-06-04,211.0,22860283
2020-06-05,212.1999969482422,22415326
2020-06-08,212.39999389648438,17992461
2020-06-09,212.39999389648438,23063431
2020-06-10,215.60000610351562,19038860
2020-06-11,213.0,33036598
2020-06-12,212.0,25058536
2020-06-15,206.8000030517578,31716109
2020-06-16,213.1999969482422,18039173
2020-06-17,217.8000030517578,21385682
2020-06-18,217.8000030517578,16168952
2020-06-19,219.0,27295880
2020-06-22,213.0,28166629
2020-06-23,220.0,40290287
2020-06-24,221.39999389648438,30207600
2020-06-26,214.60000610351562,33158894
2020-06-29,209.39999389648438,33824007
2020-06-30,209.60000610351562,24171917
2020-07-02,214.39999389648438,31018228
2020-07-03,220.8000030517578,31233712
2020-07-06,225.39999389648438,42489587
2020-07-07,232.39999389648438,46585757
2020-07-08,237.8000030517578,31883443
2020-07-09,261.6000061035156,61690256
2020-07-10,255.39999389648438,44519242
2020-07-13,254.39999389648438,30979669
2020-07-14,240.39999389648438,53646972
2020-07-15,243.39999389648438,23131222
2020-07-16,233.1999969482422,34282035
2020-07-17,238.8000030517578,20224245
2020-07-20,239.60000610351562,11353749
2020-07-21,257.0,45185546
2020-07-22,248.0,36503672
2020-07-23,246.60000610351562,31183903
2020-07-24,239.0,27470849
2020-07-27,239.0,18243796
2020-07-28,244.60000610351562,14674368
2020-07-29,243.0,10549764
2020-07-30,244.8000030517578,21715110
2020-07-31,246.0,14687907
2020-08-03,245.60000610351562,18274346
2020-08-04,253.8000030517578,24914559
2020-08-05,255.8000030517578,18116054
2020-08-06,257.0,15966937
2020-08-07,249.1999969482422,36237559
2020-08-10,242.39999389648438,26039892
2020-08-11,244.0,16702416
2020-08-12,243.39999389648438,15796928
2020-08-13,248.1999969482422,12489234
2020-08-14,246.8000030517578,12607886
2020-08-17,242.8000030517578,20853111
2020-08-18,252.0,23158760
2020-08-19,255.39999389648438,15227171
2020-08-20,255.0,22881516
2020-08-21,252.8000030517578,32079272
2020-08-24,264.3999938964844,43488850
2020-08-25,269.20001220703125,30708120
2020-08-26,280.3999938964844,31949336
2020-08-27,280.6000061035156,28072548
2020-08-28,277.0,29542320
2020-08-31,282.79998779296875,26933353
2020-09-01,282.79998779296875,24207208
2020-09-02,291.20001220703125,24662027
2020-09-03,284.20001220703125,28987875
2020-09-04,274.0,78861798
2020-09-07,265.6000061035156,47493625
2020-09-08,269.6000061035156,27608738
2020-09-09,263.20001220703125,27066740
2020-09-10,262.6000061035156,25531787
2020-09-11,266.0,20757663
2020-09-14,268.20001220703125,16063671
2020-09-15,267.3999938964844,19666515
2020-09-16,273.0,20927130
2020-09-17,267.79998779296875,19364862
2020-09-18,269.6000061035156,20935638
2020-09-21,262.0,20930001
2020-09-22,264.79998779296875,16372015
2020-09-23,267.0,20296916
2020-09-24,261.0,16462927
2020-09-25,258.0,15319675
2020-09-28,263.3999938964844,11818697
2020-09-29,265.3999938964844,16607941
2020-09-30,275.6000061035156,35325185
2020-10-05,282.0,25233089
2020-10-06,280.0,18023022
2020-10-07,288.20001220703125,21555736
2020-10-08,289.6000061035156,17175080
2020-10-09,286.20001220703125,22209544
2020-10-12,292.0,15212791
2020-10-14,297.6000061035156,27640402
2020-10-15,284.79998779296875,26871063
2020-10-16,294.0,18581210
2020-10-19,297.20001220703125,19704407
2020-10-20,299.3999938964844,19447954
2020-10-21,300.20001220703125,17439667
2020-10-22,300.0,14381076
2020-10-23,298.0,15074407
2020-10-27,300.0,18285289
2020-10-28,307.3999938964844,27847200
2020-10-29,302.6000061035156,24070737
2020-10-30,293.20001220703125,26853552
2020-11-02,297.79998779296875,18371445
2020-11-03,299.79998779296875,17260262
2020-11-04,277.20001220703125,101173866
2020-11-05,294.6000061035156,42593676
2020-11-06,282.0,52373045
2020-11-09,290.20001220703125,35794135
2020-11-10,275.3999938964844,63855746
2020-11-11,248.39999389648438,116686276
2020-11-12,253.0,54771508
2020-11-13,257.0,42011134
2020-11-16,254.0,40495713
2020-11-17,249.8000030517578,27731447
2020-11-18,250.0,21190712
2020-11-19,245.1999969482422,19558960
2020-11-20,253.0,24969028
2020-11-23,264.0,44892281
2020-11-24,270.0,41400443
2020-11-25,267.0,27982144
2020-11-26,269.0,18539582
2020-11-27,269.6000061035156,11575149
2020-11-30,261.3999938964844,19453729
2020-12-01,257.20001220703125,19622885
2020-12-02,255.1999969482422,17518631
2020-12-03,257.3999938964844,14374923
2020-12-04,264.0,28041474
2020-12-07,258.0,16021766
2020-12-08,258.0,11781749
2020-12-09,260.79998779296875,17024320
2020-12-10,255.39999389648438,21316945
2020-12-11,258.3999938964844,12567160
2020-12-14,251.60000610351562,22655912
2020-12-15,246.0,27969305
2020-12-16,251.0,16279191
2020-12-17,258.0,18134098
2020-12-18,255.60000610351562,23943869
2020-12-21,250.0,14314027
2020-12-22,248.8000030517578,12519867
2020-12-23,248.39999389648438,15189316
2020-12-24,228.60000610351562,0
2020-12-28,210.0,104426789
2020-12-29,222.0,42704055
2020-12-30,236.1999969482422,40430776
2020-12-31,232.1999969482422,0
2021-01-04,227.60000610351562,27907724
2021-01-05,223.0,35061260
2021-01-06,230.0,31462508
2021-01-07,221.0,47362360
2021-01-08,224.1999969482422,29880895
2021-01-11,221.0,49219037
2021-01-12,220.0,36773693
2021-01-13,223.8000030517578,25521304
2021-01-14,235.0,56102214
2021-01-15,241.0,56724043
2021-01-18,242.0,28459710
2021-01-19,244.1999969482422,35728468
2021-01-20,265.0,105283224
2021-01-21,258.6000061035156,52014003
2021-01-22,250.60000610351562,39959960
2021-01-25,258.0,47792619
2021-01-26,253.39999389648438,33317774
2021-01-27,260.0,34684877
2021-01-28,251.60000610351562,34740164
2021-01-29,246.8000030517578,34866053
2021-02-01,251.1999969482422,27611659
2021-02-02,260.0,35793652
2021-02-03,261.0,58494910
2021-02-04,262.20001220703125,72252607
2021-02-05,258.0,30738742
2021-02-08,256.3999938964844,14861452
2021-02-09,255.39999389648438,21534617
2021-02-10,262.0,28952395
2021-02-11,261.0,0
2021-02-16,264.20001220703125,35490449
2021-02-17,267.0,36931302
2021-02-18,260.3999938964844,29507989
2021-02-19,257.0,27537542
2021-02-22,250.60000610351562,30923499
2021-02-23,247.60000610351562,24370829
2021-02-24,242.8000030517578,31209824
2021-02-25,243.39999389648438,27601154
2021-02-26,232.39999389648438,42971525
2021-03-01,234.60000610351562,25781049
2021-03-02,229.39999389648438,28438280
2021-03-03,232.39999389648438,18744515
2021-03-04,227.1999969482422,17756272
2021-03-05,227.0,26560051
2021-03-08,220.60000610351562,24540546
2021-03-09,224.0,35249748
2021-03-10,228.39999389648438,30292760
2021-03-11,227.60000610351562,29228815
2021-03-12,226.0,34231547
2021-03-15,221.39999389648438,33908103
2021-03-16,221.39999389648438,20868000
2021-03-17,222.60000610351562,18718973
2021-03-18,233.60000610351562,58621778
2021-03-19,234.60000610351562,44914799
2021-03-22,231.1999969482422,14508251
2021-03-23,230.0,26218754
2021-03-24,230.0,15811948
2021-03-25,221.0,30783245
2021-03-26,216.0,32976932
2021-03-29,216.1999969482422,25704513
2021-03-30,221.60000610351562,33848578
2021-03-31,220.0,19946806
2021-04-01,225.60000610351562,23025316
2021-04-07,222.0,24885227
2021-04-08,223.0,25337633
2021-04-09,218.0,22699587
2021-04-12,232.1999969482422,77835113
2021-04-13,233.1999969482422,35951883
2021-04-14,237.8000030517578,21526494
2021-04-15,233.8000030517578,20324396
2021-04-16,235.60000610351562,31491743
2021-04-19,232.0,24351578
2021-04-20,228.1999969482422,19985710
2021-04-21,221.8000030517578,21338590
2021-04-22,221.39999389648438,15020535
2021-04-23,224.39999389648438,16197504
2021-04-26,224.60000610351562,14207473
2021-04-27,226.39999389648438,14100733
2021-04-28,231.60000610351562,27538276
2021-04-29,231.39999389648438,13445304
2021-04-30,225.0,18390472
2021-05-03,223.8000030517578,10743054
2021-05-04,225.1999969482422,8757722
2021-05-05,220.0,15431071
2021-05-06,221.60000610351562,11577986
2021-05-07,219.8000030517578,15513681
2021-05-10,215.1999969482422,22333260
2021-05-11,207.60000610351562,24014630
2021-05-12,220.1999969482422,31199699
2021-05-13,213.1999969482422,18348468
2021-05-14,204.60000610351562,52690766
2021-05-17,205.39999389648438,27817583
2021-05-18,207.60000610351562,18530861
2021-05-20,206.0,30886478
2021-05-21,208.0,38645780
2021-05-24,205.0,17159113
2021-05-25,206.0,23472797
2021-05-26,207.0,16688924
2021-05-27,208.8000030517578,31113636
2021-05-28,207.39999389648438,24377407
2021-05-31,211.0,21707496
2021-06-01,218.1999969482422,38847778
2021-06-02,214.39999389648438,31538468
2021-06-03,210.8000030517578,18209307
2021-06-04,210.1999969482422,39982639
2021-06-07,212.0,23713310
2021-06-08,210.1999969482422,14131162
2021-06-09,208.0,14721409
2021-06-10,207.60000610351562,15353710
2021-06-11,205.1999969482422,21751657
2021-06-15,206.39999389648438,16521833
2021-06-16,203.39999389648438,15362004
2021-06-17,203.8000030517578,12114454
2021-06-18,207.0,26572314
2021-06-21,205.39999389648438,14510523
2021-06-22,203.0,16162775
2021-06-23,207.1999969482422,16558423
2021-06-24,210.1999969482422,16482032
2021-06-25,215.60000610351562,29426102
2021-06-28,222.0,23248108
2021-06-29,219.39999389648438,22735870
2021-06-30,220.0,17882516
2021-07-02,212.0,27196447
2021-07-05,206.0,21390710
2021-07-06,209.39999389648438,18506503
2021-07-07,205.8000030517578,16935600
2021-07-08,197.3000030517578,37789548
2021-07-09,195.5,35815396
2021-07-12,197.39999389648438,19585720
2021-07-13,205.1999969482422,30179190
2021-07-14,206.39999389648438,25764588
2021-07-15,210.60000610351562,45293673
2021-07-16,209.39999389648438,55141154
2021-07-19,202.60000610351562,43294441
2021-07-20,202.8000030517578,14790988
2021-07-21,203.0,14800334
2021-07-22,207.39999389648438,12066102
2021-07-23,205.1999969482422,11735052
2021-07-26,192.10000610351562,43322099
2021-07-27,179.89999389648438,66752350
2021-07-28,183.1999969482422,52598759
2021-07-29,197.3000030517578,57050274
2021-07-30,189.0,26604358
2021-08-02,191.89999389648438,24424086
2021-08-03,193.5,25920558
2021-08-04,192.3000030517578,23029276
2021-08-05,192.5,21169911
2021-08-06,193.5,15486524
2021-08-09,188.6999969482422,28015589
2021-08-10,192.89999389648438,17983679
2021-08-11,191.1999969482422,13796247
2021-08-12,188.6999969482422,14517317
2021-08-13,184.0,21527678
2021-08-16,180.39999389648438,19542473
2021-08-17,171.8000030517578,42641139
2021-08-18,171.60000610351562,23291029
2021-08-19,162.10000610351562,45396323
2021-08-20,157.89999389648438,54863086
2021-08-23,152.10000610351562,69681080
2021-08-24,166.5,52107427
2021-08-25,164.10000610351562,53797802
2021-08-26,162.1999969482422,25997432
2021-08-27,155.89999389648438,51566566
2021-08-30,158.1999969482422,33016759
2021-08-31,165.5,49830778
2021-09-01,165.1999969482422,36318509
2021-09-02,171.0,32232099
2021-09-03,164.89999389648438,48210742
2021-09-06,168.0,24264531
2021-09-07,170.0,24179489
2021-09-08,170.89999389648438,24995877
2021-09-09,161.0,28379942
2021-09-10,167.89999389648438,27766697
2021-09-13,160.8000030517578,25905101
2021-09-14,158.3000030517578,22361537
2021-09-15,154.0,28239189
2021-09-16,151.5,33935111
2021-09-17,154.89999389648438,30179321
2021-09-20,151.5,17981515
2021-09-21,148.6999969482422,23944111
2021-09-23,148.39999389648438,32529431
2021-09-24,144.3000030517578,30354881
2021-09-27,141.89999389648438,31609172
2021-09-28,150.89999389648438,42597994
2021-09-29,148.3000030517578,24903515
2021-09-30,142.1999969482422,38043224
2021-10-04,137.0,41840351
2021-10-05,135.3000030517578,30437300
2021-10-06,137.3000030517578,18712471
2021-10-07,147.3000030517578,32227036
2021-10-08,155.5,55270783
2021-10-11,167.8000030517578,87174082
2021-10-12,161.3000030517578,51876960
2021-10-15,161.8000030517578,41251499
2021-10-18,162.89999389648438,20485496
2021-10-19,164.8000030517578,22621183
2021-10-20,175.8000030517578,73819843
2021-10-21,173.89999389648438,39498418
2021-10-22,174.39999389648438,24304039
2021-10-25,174.0,22993063
2021-10-26,169.5,27007684
2021-10-27,164.5,25552560
2021-10-28,165.1999969482422,26244370
2021-10-29,163.0,24508214
2021-11-01,159.5,20955824
2021-11-02,161.60000610351562,28075255
2021-11-03,160.60000610351562,20797548
2021-11-04,165.60000610351562,23357978
2021-11-05,159.89999389648438,26167989
2021-11-08,157.3000030517578,25006375
2021-11-09,157.10000610351562,16113085
2021-11-10,161.1999969482422,17191925
2021-11-11,163.1999969482422,23548938
2021-11-12,162.39999389648438,24265602
2021-11-15,161.5,19121584
2021-11-16,165.1999969482422,19860348
2021-11-17,164.8000030517578,16275917
2021-11-18,156.0,39030221
2021-11-19,139.3000030517578,106644709
2021-11-22,137.10000610351562,42684873
2021-11-23,133.0,46352819
2021-11-24,131.8000030517578,44830998
2021-11-25,135.39999389648438,23796814
2021-11-26,129.10000610351562,37945230
2021-11-29,130.0,29532407
2021-11-30,127.30000305175781,61241018
2021-12-01,125.69999694824219,42728524
2021-12-02,122.5999984741211,63847691
2021-12-03,119.4000015258789,84752440
2021-12-06,112.69999694824219,105384522
2021-12-07,126.5,82401598
2021-12-08,120.5999984741211,61244054
2021-12-09,123.4000015258789,35851860
2021-12-10,121.19999694824219,41285795
2021-12-13,121.0999984741211,41769452
2021-12-14,118.69999694824219,32130092
2021-12-15,121.0,35292960
2021-12-16,120.69999694824219,37563320
2021-12-17,117.0,49369280
2021-12-20,114.5,33663120
2021-12-21,113.9000015258789,37940314
2021-12-22,114.9000015258789,45188386
2021-12-23,113.30000305175781,25067293
2021-12-24,113.0,19524988
2021-12-28,113.5,22985751
2021-12-29,110.5999984741211,19990686
2021-12-30,109.9000015258789,23838394
2021-12-31,118.9000015258789,31837667
2022-01-03,115.0,22176946
2022-01-04,116.9000015258789,23228903
2022-01-05,114.5,30717509
2022-01-06,121.0,47231895
2022-01-07,128.8000030517578,58778943
2022-01-10,127.5999984741211,36814976
2022-01-11,125.5999984741211,31659059
2022-01-12,133.0,44483108
2022-01-13,132.1999969482422,36032047
2022-01-14,129.3000030517578,28235556
2022-01-17,128.5,23534494
2022-01-18,126.4000015258789,23468279
2022-01-19,124.19999694824219,29730153
2022-01-20,131.5,44796183
2022-01-21,127.0999984741211,61817387
2022-01-24,119.0999984741211,54758602
2022-01-25,116.80000305175781,41283512
2022-01-26,116.9000015258789,35353738
2022-01-27,108.5,75467681
2022-01-28,110.0,43809950
2022-01-31,114.69999694824219,0
2022-02-04,120.4000015258789,43293069
2022-02-07,115.0,54757312
2022-02-08,111.19999694824219,41696354
2022-02-09,118.80000305175781,44480636
2022-02-10,122.19999694824219,32353947
2022-02-11,122.4000015258789,24203787
2022-02-14,118.69999694824219,19512374
2022-02-15,118.4000015258789,16132479
2022-02-16,122.5,20308833
2022-02-17,123.0,18965828
2022-02-18,119.5,36059936
2022-02-21,114.9000015258789,36333556
2022-02-22,111.4000015258789,43059975
2022-02-23,112.4000015258789,27244901
2022-02-24,104.9000015258789,64889871
2022-02-25,105.30000305175781,42605788
2022-02-28,104.19999694824219,56081193
2022-03-01,103.80000305175781,30377847
2022-03-02,103.9000015258789,32172998
2022-03-03,104.4000015258789,23582886
2022-03-04,99.0,67845622
2022-03-07,96.0,59539428
2022-03-08,96.9000015258789,49195657
2022-03-09,96.25,60560894
2022-03-10,96.0999984741211,46922499
2022-03-11,90.80000305175781,74997978
2022-03-14,80.9000015258789,99109140
2022-03-15,71.25,166892058
2022-03-16,90.69999694824219,159307067
2022-03-17,102.0,147199025
2022-03-18,98.3499984741211,69216323
2022-03-21,99.0999984741211,78145126
2022-03-22,110.19999694824219,82216795
2022-03-23,117.5999984741211,109736384
2022-03-24,113.80000305175781,56175392
2022-03-25,107.4000015258789,59754137
2022-03-28,111.0999984741211,35856686
2022-03-29,113.5,28129247
2022-03-30,113.9000015258789,43050119
2022-03-31,112.0999984741211,26780152
2022-04-01,109.69999694824219,38709405
2022-04-04,113.69999694824219,41875311
2022-04-06,107.5999984741211,46638063
2022-04-07,105.19999694824219,35575706
2022-04-08,103.80000305175781,38153586
2022-04-11,98.5,40131164
2022-04-12,99.0,39683531
2022-04-13,98.5,24650087
2022-04-14,95.5,52348941
2022-04-19,91.5,34060706
2022-04-20,90.69999694824219,24190299
2022-04-21,87.9000015258789,37481397
2022-04-22,86.6500015258789,33414007
2022-04-25,81.8499984741211,43001305
2022-04-26,84.9000015258789,38304821
2022-04-27,84.55000305175781,27917828
2022-04-28,88.25,40675166
2022-04-29,102.0999984741211,102134425
2022-05-03,100.30000305175781,103238870
2022-05-04,96.55000305175781,29177225
2022-05-05,96.69999694824219,27991225
2022-05-06,90.3499984741211,50887668
2022-05-10,86.0,64139439
2022-05-11,85.6500015258789,63211009
2022-05-12,80.0,69966835
2022-05-13,82.19999694824219,53688518
2022-05-16,84.5999984741211,37186669
2022-05-17,90.55000305175781,65364000
2022-05-18,90.0,40887159
2022-05-19,83.3499984741211,63967045
2022-05-20,88.05000305175781,37411832
2022-05-23,85.0999984741211,48116001
2022-05-24,83.5999984741211,41592157
2022-05-25,82.3499984741211,39360501
2022-05-26,81.0999984741211,44520428
2022-05-27,91.0,94943603
2022-05-30,94.9000015258789,58244941
2022-05-31,96.25,87590516
2022-06-01,94.5999984741211,34758451
2022-06-02,92.30000305175781,38921083
2022-06-06,96.94999694824219,61560025
2022-06-07,98.80000305175781,88847430
2022-06-08,108.80000305175781,116293353
2022-06-09,111.30000305175781,113806634
2022-06-10,112.80000305175781,107826465
2022-06-13,103.80000305175781,85883479
2022-06-14,101.19999694824219,79243938
2022-06-15,105.5999984741211,62840727
2022-06-16,102.4000015258789,51964072
2022-06-17,104.5,98242313
2022-06-20,104.4000015258789,64777753
2022-06-21,105.80000305175781,56377679
2022-06-22,101.5,56378203
2022-06-23,108.0,80541807
2022-06-24,113.9000015258789,88759544
2022-06-27,118.0999984741211,98194624
2022-06-28,118.0999984741211,70432843
2022-06-29,114.5,54735988
2022-06-30,111.9000015258789,47263509
2022-07-04,113.19999694824219,38788782
2022-07-05,115.19999694824219,45974352
2022-07-06,117.0,52058276
2022-07-07,116.69999694824219,40428095
2022-07-08,121.0,58168745
2022-07-11,114.0,59279763
2022-07-12,107.80000305175781,61833006
2022-07-13,107.4000015258789,37018374
2022-07-14,108.69999694824219,39688425
2022-07-15,102.19999694824219,60291037
2022-07-18,103.9000015258789,54210503
2022-07-19,100.9000015258789,40614536
2022-07-20,103.19999694824219,40062258
2022-07-21,102.0,38969577
2022-07-22,102.0999984741211,25271063
2022-07-25,99.5999984741211,41783554
2022-07-26,104.4000015258789,62335905
2022-07-27,101.0,59523684
2022-07-28,99.1500015258789,47788609
2022-07-29,93.0999984741211,101884460
2022-08-01,89.5999984741211,90581313
2022-08-02,87.05000305175781,67822076
2022-08-03,90.3499984741211,43309986
2022-08-04,95.0,52297501
2022-08-05,92.9000015258789,50440861
2022-08-08,88.80000305175781,47770883
2022-08-09,89.5999984741211,44942429
2022-08-10,87.94999694824219,37209371
2022-08-11,91.75,52998669
2022-08-12,92.9000015258789,26387695
2022-08-15,91.75,23076972
2022-08-16,89.94999694824219,33043745
2022-08-17,90.3499984741211,24355633
2022-08-18,88.25,41421479
2022-08-19,89.5,26850751
2022-08-22,88.5,34067261
2022-08-23,88.4000015258789,36228033
2022-08-24,86.25,35976874
2022-08-25,93.80000305175781,66382425
2022-08-26,95.80000305175781,54668306
2022-08-29,95.1500015258789,37070401
2022-08-30,95.19999694824219,35706777
2022-08-31,94.30000305175781,52002425
2022-09-01,92.19999694824219,41471390
2022-09-02,90.6500015258789,40477868
2022-09-05,88.5,35505940
2022-09-06,88.05000305175781,29242315
2022-09-07,87.4000015258789,28479263
2022-09-08,87.19999694824219,33528981
2022-09-09,89.80000305175781,31544613
2022-09-13,91.19999694824219,41280098
2022-09-14,87.0999984741211,35250138
2022-09-15,88.0999984741211,21920813
2022-09-16,86.80000305175781,39457544
2022-09-19,83.69999694824219,41066371
2022-09-20,86.19999694824219,36089021
2022-09-21,83.05000305175781,37225757
2022-09-22,80.8499984741211,49260960
2022-09-23,78.4000015258789,45213463
2022-09-26,78.69999694824219,47488911
2022-09-27,77.9000015258789,49807775
2022-09-28,74.69999694824219,53790769
2022-09-29,76.8499984741211,62711018
2022-09-30,77.94999694824219,46992673
2022-10-03,77.6500015258789,30742228
2022-10-05,84.19999694824219,65113124
2022-10-06,83.1500015258789,29151683
2022-10-07,81.3499984741211,27043107
2022-10-10,78.69999694824219,28520208
2022-10-11,76.0,39298810
2022-10-12,74.3499984741211,56354876
2022-10-13,72.75,25774888
2022-10-14,73.25,43037199
2022-10-17,73.19999694824219,45035937
2022-10-18,76.0,35967664
2022-10-19,72.69999694824219,39088213
2022-10-20,69.9000015258789,63153613
2022-10-21,69.5999984741211,55066786
2022-10-24,61.650001525878906,169668961
2022-10-25,63.599998474121094,102026681
2022-10-26,62.29999923706055,93276020
2022-10-27,64.8499984741211,91203977
2022-10-28,61.75,69414690
2022-10-31,61.45000076293945,65768272
2022-11-01,66.0999984741211,112728864
2022-11-02,67.4000015258789,44674540
2022-11-03,63.0,58022487
2022-11-04,69.9000015258789,151997251
2022-11-07,69.69999694824219,99793174
2022-11-08,67.0999984741211,64928791
2022-11-09,66.0,63076446
2022-11-10,63.0,58517362
2022-11-11,70.80000305175781,110961720
2022-11-14,71.05000305175781,93784730
2022-11-15,78.9000015258789,187288574
2022-11-16,78.80000305175781,100509510
2022-11-17,78.25,89532516
2022-11-18,79.94999694824219,110896755
2022-11-21,76.1500015258789,49675006
2022-11-22,73.0999984741211,60909746
2022-11-23,75.4000015258789,54202563
2022-11-24,76.4000015258789,31644335
2022-11-25,74.75,28359869
2022-11-28,72.19999694824219,65982901
2022-11-29,78.75,94542048
2022-11-30,79.9000015258789,109081005
2022-12-01,82.80000305175781,106301600
2022-12-02,84.80000305175781,74134786
2022-12-05,92.6500015258789,132953207
2022-12-06,89.8499984741211,66889543
2022-12-07,85.05000305175781,83595457
2022-12-08,89.4000015258789,70524387
2022-12-09,91.8499984741211,85186929
2022-12-12,88.3499984741211,48772508
2022-12-13,88.3499984741211,49026085
2022-12-14,89.5,42497183
2022-12-15,85.9000015258789,46551464
2022-12-16,86.44999694824219,77057783
2022-12-19,87.05000305175781,70038366
2022-12-20,84.05000305175781,57291122
2022-12-21,84.44999694824219,31475853
2022-12-22,87.9000015258789,53772623
2022-12-23,86.5,34114821
2022-12-28,87.69999694824219,55669943
2022-12-29,85.55000305175781,44950446
2022-12-30,86.25,35928445
2023-01-03,88.6500015258789,45393323
2023-01-04,96.4000015258789,118636981
2023-01-05,99.5999984741211,104685426
2023-01-06,101.5999984741211,73315739
2023-01-09,110.4000015258789,123720147
2023-01-10,109.5,76284815
2023-01-11,112.9000015258789,108863653
2023-01-12,110.80000305175781,91858342
2023-01-13,112.69999694824219,72120768
2023-01-16,113.4000015258789,65734884
2023-01-17,114.5,62173474
2023-01-18,114.0999984741211,55425698
2023-01-19,112.19999694824219,55515129
2023-01-20,116.30000305175781,64593525
2023-01-26,117.5,54550091
2023-01-27,117.30000305175781,49008508
2023-01-30,109.0,131046567
2023-01-31,107.5999984741211,94863420
2023-02-01,110.0,55654697
2023-02-02,109.0,39931077
2023-02-03,106.0999984741211,55271792
2023-02-06,103.19999694824219,53151968
2023-02-07,104.80000305175781,38073535
2023-02-08,103.5,39292294
2023-02-09,107.5999984741211,60791720
2023-02-10,104.0999984741211,44532345
2023-02-13,104.0,41478273
2023-02-14,102.5,39436631
2023-02-15,100.9000015258789,46755321
2023-02-16,102.0999984741211,43292397
2023-02-17,99.44999694824219,37616027
2023-02-20,99.4000015258789,38508675
2023-02-21,95.19999694824219,58373987
2023-02-22,92.94999694824219,59459217
2023-02-23,95.1500015258789,48408447
2023-02-24,90.05000305175781,81538617
2023-02-27,89.4000015258789,77371929
2023-02-28,86.5,82590338
2023-03-01,91.9000015258789,76906503
2023-03-02,87.5999984741211,79258745
2023-03-03,88.0,50893726
2023-03-06,87.25,53347406
2023-03-07,88.5999984741211,62222775
2023-03-08,85.75,51977469
2023-03-09,84.5,43587344
2023-03-10,81.1500015258789,77303637
2023-03-13,83.25,64694323
2023-03-14,80.0,73040873
2023-03-15,82.05000305175781,46739487
2023-03-16,80.5,45643767
2023-03-17,81.5,67317247
2023-03-20,79.19999694824219,52567854
2023-03-21,80.5,36073232
2023-03-22,82.8499984741211,44553051
2023-03-23,86.19999694824219,67377220
2023-03-24,85.30000305175781,48345392
2023-03-27,85.25,100519321
2023-03-28,84.25,53162509
2023-03-29,94.55000305175781,163130347
2023-03-30,96.9000015258789,88453938
2023-03-31,100.4000015258789,89687911
2023-04-03,98.55000305175781,53752683
2023-04-04,95.6500015258789,53862168
2023-04-06,97.75,40751702
2023-04-11,99.30000305175781,60954920
2023-04-12,96.05000305175781,38659231
2023-04-13,94.1500015258789,65547652
2023-04-14,94.5,26025094
2023-04-17,95.4000015258789,37951973
2023-04-18,94.80000305175781,26770456
2023-04-19,92.25,35119559
2023-04-20,91.75,29866001
2023-04-21,87.94999694824219,62592264
2023-04-24,86.9000015258789,35872549
2023-04-25,84.0999984741211,56529023
2023-04-26,83.30000305175781,72936666
2023-04-27,81.80000305175781,63401706
2023-04-28,82.05000305175781,46940162
2023-05-02,82.30000305175781,26572826
2023-05-03,80.3499984741211,39306160
2023-05-04,80.69999694824219,34428742
2023-05-05,81.6500015258789,33666492
2023-05-08,81.94999694824219,40005891
2023-05-09,79.44999694824219,53328129
2023-05-10,80.19999694824219,41918692
2023-05-11,82.6500015258789,45547433
2023-05-12,84.6500015258789,60973363
2023-05-15,85.44999694824219,41392670
2023-05-16,85.75,26388517
2023-05-17,85.44999694824219,43307971
2023-05-18,87.75,72221529
2023-05-19,82.44999694824219,92873084
2023-05-22,83.5999984741211,54249146
2023-05-23,83.0,32115656
2023-05-24,81.05000305175781,39045036
2023-05-25,78.6500015258789,75187196
2023-05-29,77.80000305175781,48515697
2023-05-30,78.80000305175781,40606239
2023-05-31,77.9000015258789,177424030
2023-06-01,77.30000305175781,76088679
2023-06-02,82.5,69157566
2023-06-05,82.75,34970258
2023-06-06,82.3499984741211,32679498
2023-06-07,84.05000305175781,33719527
2023-06-08,83.3499984741211,30975757
2023-06-09,83.9000015258789,32630311
2023-06-12,84.0,21072194
2023-06-13,85.69999694824219,44562105
2023-06-14,85.1500015258789,36808428
2023-06-15,89.0,58981505
2023-06-16,91.5999984741211,176510302
2023-06-19,89.69999694824219,54103067
2023-06-20,88.3499984741211,37315367
2023-06-21,84.69999694824219,43362403
2023-06-23,84.05000305175781,29149129
2023-06-26,83.25,31955957
2023-06-27,85.44999694824219,33586916
2023-06-28,84.3499984741211,36259869
2023-06-29,82.19999694824219,36238490
2023-06-30,81.19999694824219,51987596
2023-07-03,83.55000305175781,27847744
2023-07-04,84.0,19606487
2023-07-05,82.6500015258789,23226533
2023-07-06,81.5,33922544
2023-07-07,84.30000305175781,69003665
2023-07-10,87.0,67683238
2023-07-11,88.75,51083010
2023-07-12,89.8499984741211,47490900
2023-07-13,92.75,61069223
2023-07-14,92.94999694824219,48280964
2023-07-18,89.69999694824219,44406679
2023-07-19,90.3499984741211,46154569
2023-07-20,89.5,27696550
2023-07-21,91.30000305175781,32113785
2023-07-24,89.55000305175781,29727637
2023-07-25,95.1500015258789,69490852
2023-07-26,93.8499984741211,38602996
2023-07-27,95.44999694824219,42983693
2023-07-28,95.9000015258789,46062057
2023-07-31,97.5,74290881
2023-08-01,97.8499984741211,53949339
2023-08-02,95.1500015258789,37885551
2023-08-03,93.1500015258789,50021614
2023-08-04,95.1500015258789,32949492
2023-08-07,95.5999984741211,22359341
2023-08-08,93.05000305175781,35528837
2023-08-09,94.0999984741211,30298227
2023-08-10,94.30000305175781,34598900
2023-08-11,95.30000305175781,61924422
2023-08-14,92.80000305175781,41572767
2023-08-15,91.19999694824219,27712822
2023-08-16,89.25,42124798
2023-08-17,90.0999984741211,55171505
2023-08-18,87.0,42258149
2023-08-21,85.69999694824219,39147534
2023-08-22,87.3499984741211,37262451
2023-08-23,87.30000305175781,32126401
2023-08-24,89.55000305175781,39372255
2023-08-25,87.5,23103924
2023-08-28,88.9000015258789,30525112
2023-08-29,90.9000015258789,33359481
2023-08-30,90.3499984741211,39173999
2023-08-31,90.19999694824219,68704748
2023-09-04,93.1500015258789,85600311
2023-09-05,92.3499984741211,54564801
2023-09-06,92.25,26538431
2023-09-07,90.80000305175781,26196625
2023-09-11,88.05000305175781,64101748
2023-09-12,86.30000305175781,33461787
2023-09-13,85.55000305175781,31205429
2023-09-14,85.9000015258789,32653822
2023-09-15,86.25,53342662
2023-09-18,84.19999694824219,31917296
2023-09-19,84.80000305175781,21904464
2023-09-20,84.5,21150734
2023-09-21,82.6500015258789,33742916
2023-09-22,85.9000015258789,40153148
2023-09-25,84.3499984741211,20742680
2023-09-26,83.94999694824219,27428051
2023-09-27,84.5,27246265
2023-09-28,83.0,27187837
2023-09-29,85.5999984741211,34608437
2023-10-03,83.0999984741211,36631880
2023-10-04,81.75,25898508
2023-10-05,81.3499984741211,21793205
2023-10-06,82.9000015258789,15175175
2023-10-09,82.0999984741211,24082283
2023-10-10,83.4000015258789,29317215
2023-10-11,84.5999984741211,31718059
2023-10-12,85.8499984741211,26037608
2023-10-13,82.5999984741211,28548643
2023-10-16,81.30000305175781,22249354
2023-10-17,82.0,17701849
2023-10-18,81.44999694824219,21876252
2023-10-19,79.1500015258789,41786984
2023-10-20,78.5,35074847
2023-10-24,77.19999694824219,38345055
2023-10-25,79.30000305175781,45615979
2023-10-26,79.75,23719270
2023-10-27,82.4000015258789,42806617
2023-10-30,81.8499984741211,31881265
2023-10-31,80.05000305175781,27394938
2023-11-01,79.5999984741211,20894177
2023-11-02,80.5,17414151
2023-11-03,82.8499984741211,26892338
2023-11-06,84.8499984741211,30546035
2023-11-07,83.1500015258789,24603820
2023-11-08,82.5,22210760
2023-11-09,82.1500015258789,18303691
2023-11-10,79.5999984741211,34168743
2023-11-13,80.6500015258789,31021604
2023-11-14,79.19999694824219,28959042
2023-11-15,83.19999694824219,50397502
2023-11-16,81.3499984741211,58203453
2023-11-17,73.25,190538032
2023-11-20,74.44999694824219,109101660
2023-11-21,76.0,86788578
2023-11-22,76.8499984741211,47284218
2023-11-23,77.25,39544273
2023-11-24,76.19999694824219,29509755
2023-11-27,76.0999984741211,36613788
2023-11-28,74.3499984741211,56690172
2023-11-29,72.69999694824219,91555012
2023-11-30,72.75,85244702
2023-12-01,71.8499984741211,93686293
2023-12-04,70.80000305175781,78421903
2023-12-05,70.5,56325918
2023-12-06,70.1500015258789,74529931
2023-12-07,69.69999694824219,39815379
2023-12-08,70.5,52123073
2023-12-11,68.80000305175781,70139100
2023-12-12,70.0999984741211,37921483
2023-12-13,69.4000015258789,27833190
2023-12-14,69.0999984741211,44998398
2023-12-15,71.6500015258789,62228683
2023-12-18,72.0999984741211,37723193
2023-12-19,71.6500015258789,31969362
2023-12-20,72.55000305175781,44579808
2023-12-21,73.3499984741211,34236257
2023-12-22,71.8499984741211,59400452
2023-12-27,73.80000305175781,36876901
2023-12-28,75.8499984741211,49312462
2023-12-29,75.5999984741211,26301974
2024-01-02,74.69999694824219,28567849
2024-01-03,73.30000305175781,37529342
2024-01-04,74.05000305175781,37563294
2024-01-05,71.6500015258789,52087626
2024-01-08,70.3499984741211,34239253
2024-01-09,69.75,50769600
2024-01-10,69.30000305175781,52717505
2024-01-11,70.8499984741211,44861174
2024-01-12,70.55000305175781,28180147
2024-01-15,70.5,0
2024-01-16,68.4000015258789,42678068
2024-01-17,65.6500015258789,68277439
2024-01-18,66.6500015258789,57626977
2024-01-19,65.55000305175781,54296782
2024-01-22,65.44999694824219,74043690
2024-01-23,67.6500015258789,74570912
2024-01-24,72.5999984741211,103474200
2024-01-25,73.3499984741211,64649639
2024-01-26,70.9000015258789,60517346
2024-01-29,72.5999984741211,52527482
2024-01-30,71.1500015258789,39880218
2024-01-31,69.55000305175781,51391419
2024-02-01,71.05000305175781,50417313
2024-02-02,70.69999694824219,34666865
2024-02-05,70.6500015258789,38569568
2024-02-06,76.0,109957108
2024-02-07,74.9000015258789,62186756
2024-02-08,70.30000305175781,113581630
2024-02-09,69.4000015258789,0
2024-02-14,70.80000305175781,42049345
2024-02-15,71.30000305175781,32587285
2024-02-16,73.0,52343661
2024-02-19,71.5,29322068
2024-02-20,72.1500015258789,32254405
2024-02-21,72.9000015258789,51979465
2024-02-22,74.8499984741211,42773596
2024-02-23,74.55000305175781,27579751
2024-02-26,74.1500015258789,22212373
2024-02-27,75.5,40440438
2024-02-28,74.25,42583119
2024-02-29,72.9000015258789,49333481
2024-03-01,73.05000305175781,60262868
2024-03-04,72.0999984741211,55605212
2024-03-05,69.69999694824219,59448363
2024-03-06,71.8499984741211,56159854
2024-03-07,70.69999694824219,42526429
2024-03-08,71.25,33041436
2024-03-11,72.80000305175781,37032890
2024-03-12,74.8499984741211,73206579
2024-03-13,74.0,47435359
2024-03-14,73.44999694824219,48282142
2024-03-15,71.9000015258789,66420792
2024-03-18,72.0,29947868
2024-03-19,71.0999984741211,38328086
2024-03-20,71.25,30531961
2024-03-21,72.55000305175781,38991190
2024-03-22,71.0,46657792
2024-03-25,70.30000305175781,42502492
2024-03-26,70.30000305175781,46925401
2024-03-27,68.80000305175781,66012638
2024-03-28,70.25,63275589
2024-04-02,71.0,63731872
2024-04-03,70.3499984741211,42103303
2024-04-05,70.05000305175781,41301670
2024-04-08,70.4000015258789,29316176
2024-04-09,70.5,34509483
2024-04-10,73.94999694824219,87693112
2024-04-11,74.19999694824219,41223561
2024-04-12,71.6500015258789,44688721
2024-04-15,70.4000015258789,42987921
2024-04-16,68.44999694824219,53443746
2024-04-17,68.0,40972640
2024-04-18,67.9000015258789,31609984
2024-04-19,66.69999694824219,51647818
2024-04-22,68.44999694824219,42767591
2024-04-23,69.80000305175781,47335665
2024-04-24,72.5,64630900
2024-04-25,73.0,43558815
2024-04-26,75.30000305175781,76974505
2024-04-29,74.3499984741211,55367962
2024-04-30,74.3499984741211,47495457
2024-05-02,76.0999984741211,68356381
2024-05-03,79.19999694824219,79294381
2024-05-06,79.5,56218498
2024-05-07,78.05000305175781,45448994
2024-05-08,76.1500015258789,54000423
2024-05-09,76.80000305175781,52298823
2024-05-10,77.94999694824219,47295135
2024-05-13,81.1500015258789,78841984
2024-05-14,82.6500015258789,78159136
2024-05-16,79.69999694824219,111040078
2024-05-17,85.69999694824219,111456576
2024-05-20,85.3499984741211,53129878
2024-05-21,84.4000015258789,43053288
2024-05-22,83.0,34490738
2024-05-23,78.6500015258789,100353257
2024-05-24,78.1500015258789,48522482
2024-05-27,79.25,39037400
2024-05-28,79.55000305175781,32245775
2024-05-29,76.80000305175781,67568273
2024-05-30,76.30000305175781,46353905
2024-05-31,74.9000015258789,148283968
2024-06-03,76.6500015258789,73997961
2024-06-04,76.4000015258789,30437293
2024-06-05,76.94999694824219,41354457
2024-06-06,77.0999984741211,39115156
2024-06-07,77.0999984741211,46037914
2024-06-11,76.44999694824219,45378373
2024-06-12,74.1500015258789,34449076
2024-06-13,74.5,51382442
2024-06-14,72.80000305175781,61962416
2024-06-17,72.5,35419261
2024-06-18,72.0999984741211,34574126
2024-06-19,74.19999694824219,31831878
2024-06-20,73.4000015258789,24354943
2024-06-21,72.0,57906313
2024-06-24,72.05000305175781,32160122
2024-06-25,72.6500015258789,27467171
2024-06-26,72.8499984741211,29066186
2024-06-27,71.55000305175781,37688869
2024-06-28,70.5,39388456
2024-07-02,70.44999694824219,43280648
2024-07-03,72.19999694824219,38913160
2024-07-04,73.1500015258789,30491758
2024-07-05,72.9000015258789,30464780
2024-07-08,71.80000305175781,41071018
2024-07-09,72.5,33931545
2024-07-10,73.0999984741211,35940892
2024-07-11,75.44999694824219,48693395
2024-07-12,78.4000015258789,65804366
2024-07-15,76.6500015258789,40320270
2024-07-16,75.5,33288019
2024-07-17,76.30000305175781,43176485
2024-07-18,75.80000305175781,35852222
2024-07-19,73.80000305175781,42933703
2024-07-22,74.75,33903557
2024-07-23,74.0999984741211,29397901
2024-07-24,74.19999694824219,24392950
2024-07-25,73.30000305175781,28685062
2024-07-26,73.0999984741211,24685769
2024-07-29,76.55000305175781,74410239
2024-07-30,76.19999694824219,42711031
2024-07-31,77.30000305175781,63322191
2024-08-01,77.5,38913402
2024-08-02,75.3499984741211,36160705
2024-08-05,74.19999694824219,49548357
2024-08-06,75.25,47939836
2024-08-07,76.5,39385356
2024-08-08,76.55000305175781,49320546
2024-08-09,77.8499984741211,37944538
2024-08-12,78.44999694824219,36296039
2024-08-13,78.6500015258789,31992760
2024-08-14,78.30000305175781,35577408
2024-08-15,76.4000015258789,69314475
2024-08-16,80.0999984741211,86304798
2024-08-19,81.44999694824219,58682838
2024-08-20,80.4000015258789,42535840
2024-08-21,79.94999694824219,51464907
2024-08-22,81.6500015258789,40296293
2024-08-23,82.6500015258789,43575656
2024-08-26,83.30000305175781,47740986
2024-08-27,79.94999694824219,85310659
2024-08-28,79.0999984741211,38782872
2024-08-29,79.05000305175781,42829550
2024-08-30,81.44999694824219,109667309
2024-09-02,79.5,53674093
2024-09-03,80.0999984741211,27709377
2024-09-04,80.0999984741211,28553946
2024-09-05,79.80000305175781,29214099
2024-09-09,78.30000305175781,79250807
2024-09-10,81.5999984741211,206633087
2024-09-11,81.44999694824219,83945417
2024-09-12,83.19999694824219,83669607
2024-09-13,82.75,59196273
2024-09-16,82.0,26558684
2024-09-17,82.8499984741211,30485324
2024-09-19,85.69999694824219,109112014
2024-09-20,87.19999694824219,122726621
2024-09-23,86.75,69609537
2024-09-24,92.0,141958511
2024-09-25,91.30000305175781,159777709
2024-09-26,97.75,203287208
2024-09-27,102.5,198337444
2024-09-30,110.0,250502801
2024-10-02,115.0999984741211,179685038
2024-10-03,110.0,138390517
2024-10-04,113.9000015258789,90914228
2024-10-07,114.5999984741211,105041570
2024-10-08,104.5,252168999
2024-10-09,102.9000015258789,177757025
2024-10-10,105.80000305175781,104808386
2024-10-14,105.19999694824219,79240625
2024-10-15,99.8499984741211,113107803
2024-10-16,98.94999694824219,67551937
2024-10-17,98.5,65933840
2024-10-18,100.5,119104755
2024-10-21,97.80000305175781,63514538
2024-10-22,97.25,48715559
2024-10-23,97.30000305175781,61919784
2024-10-24,94.1500015258789,76909887
2024-10-25,95.3499984741211,53441957
2024-10-28,96.6500015258789,69415882
2024-10-29,97.55000305175781,57004880
2024-10-30,95.8499984741211,51472115
2024-10-31,94.55000305175781,47207811
2024-11-01,95.0,38347683
2024-11-04,96.05000305175781,31007532
2024-11-05,98.4000015258789,50986901
2024-11-06,94.4000015258789,88756404
2024-11-07,95.6500015258789,57481876
2024-11-08,94.0,74794561
2024-11-11,94.0999984741211,103787086
2024-11-12,90.55000305175781,89444897
2024-11-13,90.55000305175781,63573164
2024-11-14,87.94999694824219,67262128
2024-11-15,87.19999694824219,49182995
2024-11-18,86.30000305175781,70101208
2024-11-19,85.25,68824611
2024-11-20,84.75,70389532
2024-11-21,84.4000015258789,45741828
2024-11-22,80.69999694824219,110110185
2024-11-25,81.94999694824219,163133423
2024-11-26,83.3499984741211,78159824
2024-11-27,85.0,56559911
2024-11-28,83.4000015258789,45005738
2024-11-29,83.6500015258789,36163262
2024-12-02,84.0,55668722
2024-12-03,84.44999694824219,45041216
2024-12-04,84.0,57896484
2024-12-05,81.94999694824219,66632997
2024-12-06,83.94999694824219,73451040
2024-12-09,86.9000015258789,90092033
2024-12-10,86.5999984741211,97398890
2024-12-11,86.19999694824219,51946094
2024-12-12,88.0,64845532
2024-12-13,85.75,61023463
2024-12-16,84.3499984741211,47958063
2024-12-17,83.4000015258789,52558686
2024-12-18,84.05000305175781,35976303
2024-12-19,82.94999694824219,56263173
2024-12-20,80.0999984741211,132887681
2024-12-23,81.0,57974855
2024-12-24,83.44999694824219,0
2024-12-27,82.3499984741211,44013080
2024-12-30,82.0,39010940
2024-12-31,82.8499984741211,0
2025-01-02,81.30000305175781,48562393
2025-01-03,82.5999984741211,57859265
2025-01-06,82.1500015258789,36259231
2025-01-07,81.4000015258789,57807719
2025-01-08,80.9000015258789,51033856
2025-01-09,80.5999984741211,38857402
2025-01-10,79.5999984741211,49178401
2025-01-13,78.0999984741211,47082642
2025-01-14,79.94999694824219,62238203
2025-01-15,79.94999694824219,34729525
2025-01-16,80.44999694824219,40303852
2025-01-17,80.75,40613226
2025-01-20,84.55000305175781,92760400
2025-01-21,84.80000305175781,45376591
2025-01-22,82.19999694824219,50020729
2025-01-23,82.9000015258789,35695244
2025-01-24,84.75,56000920
2025-01-27,87.25,77324541
2025-01-28,88.3499984741211,0
2025-02-03,94.0,137951734
2025-02-04,97.6500015258789,119029715
2025-02-05,97.55000305175781,130268715
2025-02-06,98.55000305175781,82663790
2025-02-07,100.0,111035834
2025-02-10,105.5,154940987
2025-02-11,104.9000015258789,133001073
2025-02-12,113.80000305175781,215324934
2025-02-13,116.69999694824219,336901993
2025-02-14,124.0999984741211,267121701
2025-02-17,122.19999694824219,293596265
2025-02-18,126.30000305175781,197776235
2025-02-19,124.0999984741211,148288754
2025-02-20,120.9000015258789,178330455
2025-02-21,138.5,329402607
2025-02-24,135.6999969482422,222538792
2025-02-25,130.60000610351562,234415866
2025-02-26,136.89999389648438,197155020
2025-02-27,135.6999969482422,180178311
2025-02-28,127.5,209019085
2025-03-03,130.39999389648438,164140645
2025-03-04,127.80000305175781,133778504
2025-03-05,129.89999389648438,132295744
2025-03-06,140.8000030517578,198863431
2025-03-07,140.0,250700100
2025-03-10,134.5,179071477
2025-03-11,133.60000610351562,157697693
2025-03-12,134.8000030517578,124456918
2025-03-13,131.5,101846984
2025-03-14,135.8000030517578,108673140
2025-03-17,135.5,72542321
2025-03-18,143.39999389648438,145909264
2025-03-19,141.10000610351562,83578664
2025-03-20,135.5,113971960
2025-03-21,130.6999969482422,143069660
2025-03-24,132.8000030517578,90778453
2025-03-25,127.69999694824219,104041459
2025-03-26,129.5,57480050
2025-03-27,130.10000610351562,63397449
2025-03-28,131.0,66594496
2025-03-31,128.0,78698386
2025-04-01,129.8000030517578,59194990
2025-04-02,130.0,61236236
2025-04-03,123.5,165415092
2025-04-07,101.30000305175781,392361045
2025-04-08,102.5,291748687
2025-04-09,103.5999984741211,251724654
2025-04-10,104.80000305175781,239469665
2025-04-11,103.0,178687575
